Category,Metric,Value,Unit
Executive,GLP,8500,Crores
Executive,Disbursement MTD,1250,Crores
Executive,Disbursement YTD,13500,Crores
Executive,Collections MTD,1150,Crores
Executive,Collections YTD,11500,Crores
Executive,Active Clients,20.0,Lakhs
Executive,Branches,3520,Count
Executive,Districts,250,Count
Risk,PAR > 30 Days,3.2,%
Risk,Write-offs YTD,65,Crores
Portfolio,JLG Share,49,%
Portfolio,MSME Share,33,%
Portfolio,Agri Share,18,%
Demographics,Age < 25,15,%
Demographics,Age 25-34,40,%
Demographics,Age 35-44,25,%
Demographics,Age 45-54,15,%
Demographics,Age 55+,5,%
