Hierarchy Level,Name,Parent Name,GLP (Cr/Lakhs),Clients,PAR 30 (%),Geo Fencing Tracking
State,Odisha,India,3400 Cr,850000,2.1,Yes
District,Khordha,Odisha,920 Cr,230000,2.1,Yes
Branch,Bagheitangi,Khordha,45 Cr,2450,3.1,Yes
Centre,Mundel Centre 1,Bagheitangi,8.5 Lakhs,450,1.2,Partial (Center Only)
Centre,Mundel Centre 2,Bagheitangi,9.2 Lakhs,480,1.5,Partial (Center Only)
Centre,Bhagbanpur Centre,Bagheitangi,7.8 Lakhs,420,1.8,Partial (Center Only)
Centre,Haripur Centre,Bagheitangi,10.1 Lakhs,510,1.1,Partial (Center Only)
Centre,Balakati Centre,Bagheitangi,9.4 Lakhs,590,0.9,Partial (Center Only)
Branch,Tangi,Khordha,47.5 Cr,2580,3.2,Yes
Centre,Tangi Bazaar Centre,Tangi,9.8 Lakhs,520,1.3,Partial (Center Only)
Centre,Kalapathar Centre,Tangi,9.1 Lakhs,490,1.6,Partial (Center Only)
Centre,Balipatna Centre,Tangi,10.5 Lakhs,550,1.0,Partial (Center Only)
Centre,Jankia Centre,Tangi,9.6 Lakhs,510,1.4,Partial (Center Only)
Centre,Nuasahi Centre,Tangi,8.5 Lakhs,510,1.7,Partial (Center Only)
Branch,Jatni,Khordha,42 Cr,2280,3.3,Yes
Centre,Jatni Main Centre,Jatni,8.5 Lakhs,460,1.5,Partial (Center Only)
Centre,Bankuala Centre,Jatni,8.2 Lakhs,450,1.8,Partial (Center Only)
Centre,Kantabad Centre,Jatni,8.7 Lakhs,470,1.2,Partial (Center Only)
Centre,Sisupalgarh Centre,Jatni,8.1 Lakhs,450,1.4,Partial (Center Only)
Centre,Govindpur Centre,Jatni,8.5 Lakhs,450,1.6,Partial (Center Only)
District,Bhubaneswar,Odisha,765 Cr,190000,2.2,Yes
District,Cuttack,Odisha,680 Cr,170000,2.0,Yes
District,Puri,Odisha,510 Cr,125000,2.4,Yes
District,Balasore,Odisha,525 Cr,135000,2.3,Yes
