Branch ID,Branch Name,Region,GLP (Cr),Active Clients,Disbursements (Cr),Collections Eff (%),PAR 30 (%),Attendance (%),Meetings Within Fence,Meetings Total
b1,Tangi,Khordha,47.5,9500,4.2,95.8,3.2,92,110,120
b2,Bagheitangi,Khordha,45.0,9000,4.0,95.5,3.1,91,107,115
b3,Bhubaneswar Urban,Bhubaneswar,50.0,10000,5.5,95.3,3.4,93,128,140
b4,Cuttack Central,Cuttack,40.0,8000,3.5,96.0,3.0,90,93,100
b5,Puri Town,Puri,37.5,7500,3.2,95.6,3.1,89,89,95
b6,Balasore North,Balasore,35.0,7000,3.0,95.3,3.2,88,85,90
b7,Berhampur,Ganjam,32.5,6500,2.8,95.0,3.3,87,80,85
b8,Sambalpur,Sambalpur,30.0,6000,2.7,96.0,3.0,88,76,80
b9,Rourkela,Sundargarh,27.5,5500,2.6,95.7,3.1,87,72,75
b10,Balangir,Balangir,25.0,5000,2.5,95.6,3.2,86,67,70
